skin_disorder_name,link
Acne affecting the back images,https://dermnetnz.org/topics/acne-affecting-the-back-images
Acne affecting the face images,https://dermnetnz.org/topics/acne-face-images
Acne and other follicular disorder images,https://dermnetnz.org/image-catalogue/acne-and-other-follicular-disorder-images
Acquired dermal macular hyperpigmentation images,https://dermnetnz.org/topics/acquired-dermal-macular-hyperpigmentation-images
Acral lentiginous melanoma images,https://dermnetnz.org/images/acral-lentiginous-melanoma-images
Actinic keratosis affecting the face images,https://dermnetnz.org/topics/actinic-keratosis-face-images
Actinic keratosis affecting the hand images,https://dermnetnz.org/topics/actinic-keratosis-affecting-the-hand-images
Actinic keratosis affecting the legs and feet images,https://dermnetnz.org/topics/actinic-keratosis-leg-and-foot-images
Actinic keratosis affecting the scalp images,https://dermnetnz.org/topics/actinic-keratosis-scalp-images
Actinic keratosis dermoscopy images,https://dermnetnz.org/topics/actinic-keratosis-dermoscopy-images
Actinic keratosis on the nose images,https://dermnetnz.org/topics/actinic-keratosis-on-the-nose-images
Actinic keratosis treated with imiquimod images,https://dermnetnz.org/topics/actinic-keratosis-imiquimod-images
Adalimumab images,https://dermnetnz.org/topics/adalimumab-images
Alopecia areata images,https://dermnetnz.org/images/alopecia-areata-images
Amelanotic melanoma images,https://dermnetnz.org/images/amelanotic-melanoma-images
Anal cancer images,https://dermnetnz.org/topics/anal-cancer-images
Angiofibromas images,https://dermnetnz.org/topics/angiofibromas-images
Angiokeratomas images,https://dermnetnz.org/topics/angiokeratoma-images
Angular cheilitis images,https://dermnetnz.org/images/angular-cheilitis-images
Arthropod bites images,https://dermnetnz.org/image-catalogue/insect-mite-and-worm-bite-images
Atopic dermatitis images,https://dermnetnz.org/images/atopic-dermatitis-images
Atopic eczema images,https://dermnetnz.org/images/atopic-dermatitis-images
Atopic flexural eczema images,https://dermnetnz.org/topics/atopic-flexural-eczema-images
Atypical melanocytic naevus,https://dermnetnz.org/topics/atypical-naevus-images
Atypical mycobacterial infection images,https://dermnetnz.org/topics/atypical-mycobacterial-infection-images
Atypical naevus images,https://dermnetnz.org/topics/atypical-naevus-images
Autoimmune alopecia images,https://dermnetnz.org/images/alopecia-areata-images
B-K mole images,https://dermnetnz.org/topics/atypical-naevus-images
BCC affecting the ear images,https://dermnetnz.org/topics/basal-cell-carcinoma-affecting-the-ear-images
BCC affecting the eyelid images,https://dermnetnz.org/topics/basal-cell-carcinoma-affecting-the-eyelid-images
BCC affecting the face images,https://dermnetnz.org/topics/basal-cell-carcinoma-affecting-the-face-images
BCC affecting the nose images,https://dermnetnz.org/topics/basal-cell-carcinoma-affecting-the-nose-images
BCC affecting the trunk images,https://dermnetnz.org/topics/basal-cell-carcinoma-affecting-the-trunk-images
Bacteria images,https://dermnetnz.org/image-catalogue/bacterial-skin-infection-images
Bacterial skin infection images,https://dermnetnz.org/image-catalogue/bacterial-skin-infection-images
Balanitis images,https://dermnetnz.org/topics/balanitis-images
Basal cell carcinoma affecting the ear images,https://dermnetnz.org/topics/basal-cell-carcinoma-affecting-the-ear-images
Basal cell carcinoma affecting the eyelid images,https://dermnetnz.org/topics/basal-cell-carcinoma-affecting-the-eyelid-images
Basal cell carcinoma affecting the face images,https://dermnetnz.org/topics/basal-cell-carcinoma-affecting-the-face-images
Basal cell carcinoma affecting the nose images,https://dermnetnz.org/topics/basal-cell-carcinoma-affecting-the-nose-images
Basal cell carcinoma affecting the trunk images,https://dermnetnz.org/topics/basal-cell-carcinoma-affecting-the-trunk-images
Basal cell epithelioma affecting the ear images,https://dermnetnz.org/topics/basal-cell-carcinoma-affecting-the-ear-images
Basal cell epithelioma affecting the eyelid images,https://dermnetnz.org/topics/basal-cell-carcinoma-affecting-the-eyelid-images
Basal cell epithelioma affecting the face images,https://dermnetnz.org/topics/basal-cell-carcinoma-affecting-the-face-images
Basal cell epithelioma affecting the nose images,https://dermnetnz.org/topics/basal-cell-carcinoma-affecting-the-nose-images
Basal cell epithelioma affecting the trunk images,https://dermnetnz.org/topics/basal-cell-carcinoma-affecting-the-trunk-images
Basalioma affecting the ear images,https://dermnetnz.org/topics/basal-cell-carcinoma-affecting-the-ear-images
Basalioma affecting the eyelid images,https://dermnetnz.org/topics/basal-cell-carcinoma-affecting-the-eyelid-images
Basalioma affecting the face images,https://dermnetnz.org/topics/basal-cell-carcinoma-affecting-the-face-images
Basalioma affecting the nose images,https://dermnetnz.org/topics/basal-cell-carcinoma-affecting-the-nose-images
Basalioma affecting the trunk images,https://dermnetnz.org/topics/basal-cell-carcinoma-affecting-the-trunk-images
Behcet disease images,https://dermnetnz.org/images/behcet-disease-images
Besnier prurigo images,https://dermnetnz.org/images/atopic-dermatitis-images
Bowenoid papulosis images,https://dermnetnz.org/topics/bowenoid-papulosis-images
Bullous pemphigoid images,https://dermnetnz.org/topics/bullous-pemphigoid-images
COVID-19 images,https://dermnetnz.org/images/covid-19-images
"Candida affecting the lips, mouth and face images",https://dermnetnz.org/topics/candida-affecting-the-lips-mouth-and-face-images
Candida albicans affecting the nail images,https://dermnetnz.org/images/onychomycosis-images
Candida intertrigo images,https://dermnetnz.org/topics/candida-intertrigo-images
Candida vulvovaginitis images,https://dermnetnz.org/topics/candida-vulvovaginitis-images
"Candidiasis affecting the lips, mouth and face images",https://dermnetnz.org/topics/candida-affecting-the-lips-mouth-and-face-images
"Candidosis affecting the lips, mouth and face images",https://dermnetnz.org/topics/candida-affecting-the-lips-mouth-and-face-images
Capillaritis images,https://dermnetnz.org/topics/capillaritis-images
Cherry angioma images,https://dermnetnz.org/topics/cherry-angioma-images
Chronic plaque psoriasis images,https://dermnetnz.org/topics/chronic-plaque-psoriasis-images
Clark nevus images,https://dermnetnz.org/topics/atypical-naevus-images
Clavus images,https://dermnetnz.org/topics/corn-clavus-images
Conditions affecting the ear images,https://dermnetnz.org/topics/conditions-affecting-the-ear-images
Contact allergic dermatitis of the arm and leg images,https://dermnetnz.org/topics/contact-allergic-dermatitis-of-the-arm-and-leg-images
Contact allergic dermatitis of the face images,https://dermnetnz.org/topics/contact-allergic-dermatitis-of-the-face-images
Contact allergic dermatitis of the hand images,https://dermnetnz.org/topics/contact-allergic-dermatitis-of-the-hand-images
Contact allergic dermatitis of the torso images,https://dermnetnz.org/topics/contact-allergic-dermatitis-of-the-torso-images
Contact irritant dermatitis images,https://dermnetnz.org/topics/contact-irritant-dermatitis-images
Corn images,https://dermnetnz.org/topics/corn-clavus-images
Cutaneous horn images,https://dermnetnz.org/topics/cutaneous-horn-images
Cutaneous lupus erythematosus images,https://dermnetnz.org/topics/cutaneous-lupus-erythematosus-images
Cutaneous tuberculosis images,https://dermnetnz.org/topics/cutaneous-tuberculosis-images
Cysts affecting the vulval area images,https://dermnetnz.org/
Deep dermal disorder images,https://dermnetnz.org/image-catalogue/deep-dermal-disorder-images
Dermatitis images,https://dermnetnz.org/images/atopic-dermatitis-images
Dermatofibroma images,https://dermnetnz.org/topics/dermatofibroma-images
Dermatomyositis images,https://dermnetnz.org/topics/dermatomyositis-images
Dermographism images,https://dermnetnz.org/topics/dermographism-images
Dermoscopy course images,https://dermnetnz.org/image-catalogue/dermoscopy-course-images
Digital myxoid cyst images,https://dermnetnz.org/topics/digital-myxoid-cyst-images
Discoid eczema images,https://dermnetnz.org/images/discoid-eczema-images
Disease relating to site or age images,https://dermnetnz.org/image-catalogue/disease-relating-to-site-or-age-images
Dry skin images,https://dermnetnz.org/topics/dry-skin-images
Dysplastic naevi images,https://dermnetnz.org/topics/atypical-naevus-images
Eccrine poroma images,https://dermnetnz.org/topics/eccrine-poroma-images
Ecthyma images,https://dermnetnz.org/topics/ecthyma-images
Eczema herpeticum images,https://dermnetnz.org/topics/eczema-herpeticum-images
Ehlers–Danlos syndrome images,https://dermnetnz.org/topics/ehlers-danlos-syndrome-images
Enteroviral infection images,https://dermnetnz.org/images/hand-foot-and-mouth-disease-images
Epidermal and pilar cyst images,https://dermnetnz.org/topics/epidermoid-and-trichilemmal-cyst-images
Epiloia images,https://dermnetnz.org/topics/tuberous-sclerosis-images
Epiloia images,https://dermnetnz.org/topics/tuberous-sclerosis-images
Erythema infectiosum images,https://dermnetnz.org/topics/erythema-infectiosum-fifth-disease-images
Erythema migrans images,https://dermnetnz.org/topics/erythema-migrans-images
Erythema multiforme images,https://dermnetnz.org/topics/erythema-multiforme-images
Erythema nodosum images,https://dermnetnz.org/topics/erythema-nodosum-images
Erythrasma images,https://dermnetnz.org/topics/erythrasma-images
Erythroderma images,https://dermnetnz.org/topics/erythroderma-images
Extragenital lichen sclerosus images,https://dermnetnz.org/topics/extragenital-lichen-sclerosus-images
Eyebrow loss images,https://dermnetnz.org/topics/madarosis-images
Eyelash loss images,https://dermnetnz.org/topics/madarosis-images
Eyelid dermatitis images,https://dermnetnz.org/topics/eyelid-dermatitis-images
Fabry disease images,https://dermnetnz.org/topics/angiokeratoma-images
Facial acne images,https://dermnetnz.org/topics/acne-face-images
Facial psoriasis images,https://dermnetnz.org/topics/facial-psoriasis-images
Fibrofolliculomas in Birt–Hogg–Dubé images,https://dermnetnz.org/topics/fibrofolliculomas-in-birthoggdube-images
Fifth disease images,https://dermnetnz.org/topics/erythema-infectiosum-fifth-disease-images
Fishtank granuloma images,https://dermnetnz.org/topics/atypical-mycobacterial-infection-images
Flexural psoriasis images,https://dermnetnz.org/topics/flexural-psoriasis-images
Folliculitis images,https://dermnetnz.org/topics/folliculitis-images
Folliculitis keloidalis images,https://dermnetnz.org/topics/folliculitis-keloidalis-images
Fordyce angiokeratoma images,https://dermnetnz.org/topics/angiokeratoma-images
Fungal skin infection images,https://dermnetnz.org/image-catalogue/fungal-skin-infection-images
Generalised pustular psoriasis images,https://dermnetnz.org/images/generalised-pustular-psoriasis-images
Genital Crohn disease images,https://dermnetnz.org/topics/genital-crohn-disease-images
Genital herpes images,https://dermnetnz.org/topics/genital-herpes-images
Genital lichen planus images,https://dermnetnz.org/images/genital-lichen-planus-images
Genital psoriasis images,https://dermnetnz.org/topics/genital-psoriasis-images
Genital wart images,https://dermnetnz.org/images/genital-wart-images
Gougerot Blum images,https://dermnetnz.org/topics/capillaritis-images
Gouty tophus images,https://dermnetnz.org/topics/gouty-tophi-images
Granular parakeratosis images,https://dermnetnz.org/topics/granular-parakeratosis-images
Granuloma annulare images,https://dermnetnz.org/topics/granuloma-annulare-images
Grover disease,https://dermnetnz.org/topics/transient-acantholytic-dermatosis-images
Guttate psoriasis images,https://dermnetnz.org/topics/guttate-psoriasis-images
"Hair, scalp, nail and sweat images",https://dermnetnz.org/image-catalogue/hair-scalp-nail-and-sweat-images
Halo mole images,https://dermnetnz.org/topics/halo-mole-images
Hand dermatitis images,https://dermnetnz.org/topics/hand-dermatitis-images
Hand foot and mouth disease images,https://dermnetnz.org/images/hand-foot-and-mouth-disease-images
Herpes simplex images,https://dermnetnz.org/topics/herpes-simplex-images
Herpes zoster images,https://dermnetnz.org/topics/herpes-zoster-images
Hidradenitis suppurativa images,https://dermnetnz.org/topics/hidradenitis-suppurativa-images
Hidrocystoma images,https://dermnetnz.org/topics/hidrocystoma-images
Hypomelanotic malignant melanoma images,https://dermnetnz.org/images/amelanotic-melanoma-images
Ichthyosis images,https://dermnetnz.org/topics/ichthyosis-images
Immunological disorder images,https://dermnetnz.org/image-catalogue/immunological-disorder-images
Impetigo images,https://dermnetnz.org/images/impetigo-images
In situ squamous cell carcinoma images,https://dermnetnz.org/topics/intraepidermal-carcinoma-images
Infantile acne images,https://dermnetnz.org/topics/infantile-acne-images
Infantile papular acrodermatitis images,https://dermnetnz.org/topics/infantile-papular-acrodermatitis-images
Insect bite images,https://dermnetnz.org/topics/insect-bite-images
"Insect, mite and worm bite images",https://dermnetnz.org/image-catalogue/insect-mite-and-worm-bite-images
Juvenile plantar dermatosis images,https://dermnetnz.org/topics/juvenile-plantar-dermatosis-images
Kaposi sarcoma images,https://dermnetnz.org/topics/kaposi-sarcoma-images
Keloid images,https://dermnetnz.org/images/keloid-and-hypertrophic-scar-images
Keratoacanthoma images,https://dermnetnz.org/topics/keratoacanthoma-images
Keratolytic winter erythema,https://dermnetnz.org/topics/keratolytic-winter-erythema-images
Keratosis pilaris images,https://dermnetnz.org/topics/keratosis-pilaris-images
Kerion images,https://dermnetnz.org/topics/kerion-images
Labial fusion images,https://dermnetnz.org/topics/labial-fusion-images
Lax beetle images,https://dermnetnz.org/topics
Leg ulcer images,https://dermnetnz.org/topics/leg-ulcer-images
Leishmaniasis images,https://dermnetnz.org/
Lentigo images,https://dermnetnz.org/topics/lentigo-images
Lentigo maligna melanoma images,https://dermnetnz.org/images/lentigo-maligna-melanoma-images
"Lesion, tumour and cancer images",https://dermnetnz.org/image-catalogue/lesion-tumour-and-cancer-images
Lichen aureus images,https://dermnetnz.org/topics/capillaritis-images
Lichen planus images,https://dermnetnz.org/images/lichen-planus-images
Lichen planus nail images,https://dermnetnz.org/images/nail-lichen-planus-images
Lichen simplex images,https://dermnetnz.org/
Lipodermatosclerosis,https://dermnetnz.org/topics/lipodermatosclerosis-images
Loss of eyebrows images,https://dermnetnz.org/topics/madarosis-images
Loss of eyelashes images,https://dermnetnz.org/topics/madarosis-images
Madarosis images,https://dermnetnz.org/topics/madarosis-images
Majocchi purpura images,https://dermnetnz.org/topics/capillaritis-images
Mammmary and extramammary Paget disease,https://dermnetnz.org/topics/mammary-and-extramammary-paget-disease-of-the-skin-images
Measles images,https://dermnetnz.org/topics/measles-images
Melanoma in situ images,https://dermnetnz.org/images/melanoma-in-situ-images
Melanoma of nail unit images,https://dermnetnz.org/topics/melanoma-of-nail-unit-images
Melanonychia images,https://dermnetnz.org/topics/melanonychia-images
Melasma images,https://dermnetnz.org/topics/melasma-images
Metastatic melanoma images,https://dermnetnz.org/topics/metastatic-melanoma-images
Milia images,https://dermnetnz.org/topics/milia-images
Mole images,https://dermnetnz.org/topics/mole-images
Molluscum contagiosum images,https://dermnetnz.org/topics/molluscum-contagiosum-images
"Moniliasis affecting the lips, mouth and face images",https://dermnetnz.org/topics/candida-affecting-the-lips-mouth-and-face-images
Morphea images,https://dermnetnz.org/topics/morphoea-images
Nail psoriasis images,https://dermnetnz.org/topics/nail-psoriasis-images
Necrotising fasciitis images,https://dermnetnz.org/topics/necrotising-fasciitis-images
Neurofibromatosis images,https://dermnetnz.org/topics/neurofibromatosis-images
Nodular BCC images,https://dermnetnz.org/topics/nodular-bcc-images
Nodular basal cell carcinoma images,https://dermnetnz.org/topics/nodular-bcc-images
Nodular melanoma images,https://dermnetnz.org/images/nodular-melanoma-images
Nontuberculous mycobacteria images,https://dermnetnz.org/topics/atypical-mycobacterial-infection-images
Nummular dermatitis images,https://dermnetnz.org/images/discoid-eczema-images
Orf images,https://dermnetnz.org/topics/orf-images
PMLE images,https://dermnetnz.org/images/polymorphic-light-eruption-images
Palmoplantar psoriasis images,https://dermnetnz.org/topics/palmoplantar-psoriasis-images
Palmoplantar pustulosis images,https://dermnetnz.org/topics/palmoplantar-pustulosis-images
Paronychia images,https://dermnetnz.org/topics/paronychia-images
Patch test images,https://dermnetnz.org/topics/patch-test-images
Pemphigus vulgaris,https://dermnetnz.org/images/pemphigus-vulgaris-images
Penile epithelial neoplasia images,https://dermnetnz.org/topics/penile-epithelial-neoplasia-images
Penile infections images,https://dermnetnz.org/topics/balanitis-images
Penile lichen planus images,https://dermnetnz.org/images/genital-lichen-planus-images
Penile lichen sclerosus,https://dermnetnz.org/topics/penile-lichen-sclerosus-images
Penile pearly papules images,https://dermnetnz.org/topics/pearly-penile-papules-images
Perianal lichen sclerosus images,https://dermnetnz.org/topics/perianal-lichen-sclerosus-images
Perioral dermatitis images,https://dermnetnz.org/images/periorificial-dermatitis-images
Perleche images,https://dermnetnz.org/images/angular-cheilitis-images
Perlèche images,https://dermnetnz.org/images/angular-cheilitis-images
Phototherapy course images,https://dermnetnz.org/image-catalogue/phototherapy-course-images
Piezogenic papule images,https://dermnetnz.org/topics/piezogenic-papule-images
Pigmentation problem images,https://dermnetnz.org/image-catalogue/pigmentation-problem-images
Pigmented purpura images,https://dermnetnz.org/topics/capillaritis-images
Pigmented purpuric lichenoid dermatosis images,https://dermnetnz.org/topics/capillaritis-images
Pityriasis alba images,https://dermnetnz.org/images/pityrasis-alba-images
Pityriasis rosea images,https://dermnetnz.org/
Pityriasis versicolor images,https://dermnetnz.org/topics/pityriasis-versicolor-images
Plasma cell balanitis/vulvitis images,https://dermnetnz.org/topics/plasma-cell-balanitisvulvitis-images
Polymorphic light eruption images,https://dermnetnz.org/images/polymorphic-light-eruption-images
Polymorphous light eruption images,https://dermnetnz.org/images/polymorphic-light-eruption-images
Pompholyx images,https://dermnetnz.org/images/dyshidrotic-eczema-images
Pretibial myxoedema images,https://dermnetnz.org/topics/pretibial-myxoedema-images
Principals of dermatological practice course images,https://dermnetnz.org/image-catalogue/principals-of-dermatological-practice-course-images
Procedures images,https://dermnetnz.org/image-catalogue/procedures-images
Prurigo of pregnancy images,https://dermnetnz.org/topics/prurigo-of-pregnancy-images
Psoriasis affecting the face images,https://dermnetnz.org/topics/facial-psoriasis-images
Psoriasis of the scalp images,https://dermnetnz.org/images/scalp-psoriasis-images
Purpura annularis telangiectodes images,https://dermnetnz.org/topics/capillaritis-images
Pustular psoriasis of the hand and feet images,https://dermnetnz.org/topics/palmoplantar-pustulosis-images
Reactions to external agent images,https://dermnetnz.org/image-catalogue/reactions-to-external-agent-images
Rhinophyma images,https://dermnetnz.org/topics/rhinophyma-images
Rodent ulcer affecting the ear images,https://dermnetnz.org/topics/basal-cell-carcinoma-affecting-the-ear-images
Rodent ulcer affecting the eyelid images,https://dermnetnz.org/topics/basal-cell-carcinoma-affecting-the-eyelid-images
Rodent ulcer affecting the face images,https://dermnetnz.org/topics/basal-cell-carcinoma-affecting-the-face-images
Rodent ulcer affecting the nose images,https://dermnetnz.org/topics/basal-cell-carcinoma-affecting-the-nose-images
Rodent ulcer affecting the trunk images,https://dermnetnz.org/topics/basal-cell-carcinoma-affecting-the-trunk-images
Rosacea images,https://dermnetnz.org/images/rosacea-images
Roseola images,https://dermnetnz.org/topics/roseola-images
SJS-TEN images,https://dermnetnz.org/topics/sjs-ten-images
SLE images,https://dermnetnz.org/topics/systemic-lupus-erythematosus-images
Scabies images,https://dermnetnz.org/images/scabies-images
Scalp folliculitis images,https://dermnetnz.org/topics/scalp-folliculitis-images
Scaly skin disease images,https://dermnetnz.org/image-catalogue/scaly-skin-disease-images
Schamberg disease images,https://dermnetnz.org/topics/capillaritis-images
Sebaceous hyperplasia images,https://dermnetnz.org/topics/sebaceous-hyperplasia-images
Seborrhoeic keratosis dermoscopy images,https://dermnetnz.org/topics/seborrhoeic-keratosis-dermoscopy-images
Seborrhoeic keratosis images,https://dermnetnz.org/topics/seborrhoeic-keratosis-images
Shiitake flagellate dermatitis images,https://dermnetnz.org/topics/shiitake-flagellate-dermatitis-images
Skin pathology images,https://dermnetnz.org/image-catalogue/skin-pathology-images
Skin signs of systemic disease images,https://dermnetnz.org/image-catalogue/skin-signs-of-systemic-disease-images
Skin tag images,https://dermnetnz.org/topics/skin-tag-images
Solar keratosis affecting the face images,https://dermnetnz.org/topics/actinic-keratosis-face-images
Solar keratosis affecting the hand images,https://dermnetnz.org/topics/actinic-keratosis-affecting-the-hand-images
Solar keratosis affecting the legs and feet images,https://dermnetnz.org/topics/actinic-keratosis-leg-and-foot-images
Solar keratosis affecting the scalp images,https://dermnetnz.org/topics/actinic-keratosis-scalp-images
Solar keratosis on the nose images,https://dermnetnz.org/topics/actinic-keratosis-on-the-nose-images
Solar keratosis treated with imiquimod images,https://dermnetnz.org/topics/actinic-keratosis-imiquimod-images
Solar lentigo images,https://dermnetnz.org/topics/solar-lentigo-images
Spa pool folliculitis images,https://dermnetnz.org/topics/spa-pool-folliculitis-images
Spider naevus images,https://dermnetnz.org/topics/spider-telangiectasis-images
Spider telangiectasis images,https://dermnetnz.org/topics/spider-telangiectasis-images
Squamous cell carcinoma of limbs images,https://dermnetnz.org/topics/squamous-cell-carcinoma-of-limbs-images
Squamous cell carcinoma of the ear images,https://dermnetnz.org/topics/squamous-cell-carcinoma-of-the-ear-images
Squamous cell carcinoma of the lip images,https://dermnetnz.org/topics/squamous-cell-carcinoma-of-the-lip-images
Squamous cell carcinoma on the face images,https://dermnetnz.org/topics/squamous-cell-carcinoma-on-the-face-images
Staphylococcal scalded skin images,https://dermnetnz.org/images/staphylococcal-scalded-skin-syndrome-images
Steroid acne images,https://dermnetnz.org/topics/steroid-acne-images
Subungual haemorrhage,https://dermnetnz.org/
Superficial spreading melanoma images,https://dermnetnz.org/images/superficial-spreading-melanoma-images
Supernumerary nipple images,https://dermnetnz.org/topics/supernumerary-nipple-images
Syphilis images,https://dermnetnz.org/topics/syphilis-images
Systemic lupus erythematosus images,https://dermnetnz.org/topics/systemic-lupus-erythematosus-images
Tinea corporis images,https://dermnetnz.org/topics/tinea-corporis-images
Tinea pedis images,https://dermnetnz.org/topics/tinea-pedis-images
Transient acantholytic dermatosis,https://dermnetnz.org/topics/transient-acantholytic-dermatosis-images
Treatment images,https://dermnetnz.org/image-catalogue/treatment-images
Trichotillomania images,https://dermnetnz.org/topics/trichotillomania-images
Tuberous sclerosis images,https://dermnetnz.org/topics/tuberous-sclerosis-images
Ungual squamous cell carcinoma in situ images,https://dermnetnz.org/topics/ungual-squamous-cell-carcinoma-in-situ-images
Urticaria images,https://dermnetnz.org/topics/urticaria-images
Urticarial vasculitis images,https://dermnetnz.org/topics/urticarial-vasculitis-images
Varicella images,https://dermnetnz.org/topics/varicella-images
Vascular malformation images,https://dermnetnz.org/topics/vascular-malformation
Vasculitis images,https://dermnetnz.org/topics/vasculitis-images
Venous lake images,https://dermnetnz.org/topics/venous-lake-images
Viral skin infections images,https://dermnetnz.org/image-catalogue/viral-skin-infections
Viral warts images,https://dermnetnz.org/topics/viral-warts-images
Vitiligo images,https://dermnetnz.org/images/vitiligo-images
Vulval cancer images,https://dermnetnz.org/images/vulval-cancer-images
Vulval erosive lichen planus images,https://dermnetnz.org/images/vulval-erosive-lichen-planus-images
Vulval intraepithelial neoplasia images,https://dermnetnz.org/topics/vulval-intraepithelial-neoplasia-images
Vulval lichen planus images,https://dermnetnz.org/images/genital-lichen-planus-images
Vulval lichen sclerosus images,https://dermnetnz.org/topics/vulval-lichen-sclerosus-images
Vulval ulcer images,https://dermnetnz.org/topics/vulval-ulcer-images
Vulvovaginal candidiasis images,https://dermnetnz.org/topics/vulvovaginal-candidiasis-images
Xanthelasma images,https://dermnetnz.org/topics/xanthelasma-images
Xeroderma pigmentosum images,https://dermnetnz.org/topics/xeroderma-pigmentosum-images
